{
  "dataset": "adult",
  "quality": {
    "accuracy": 0.8054036134593071,
    "f1": 0.6785323110624315,
    "roc_auc": 0.9020743621173388,
    "pr_auc": 0.7631795159704649,
    "brier_score": 0.12850309441313768,
    "confusion_matrix": [
      [
        3620,
        911
      ],
      [
        263,
        1239
      ]
    ],
    "pred_pos_rate": 0.3563732802917288
  },
  "fairness": {
    "sex": {
      "overall": {
        "selection_rate": 0.3563732802917288,
        "tpr": 0.8249001331557922,
        "fpr": 0.20105936879276098
      },
      "by_group": {
        "selection_rate": {
          "Female": 0.14634146341463414,
          "Male": 0.45805658056580567
        },
        "tpr": {
          "Female": 0.7021276595744681,
          "Male": 0.8476716653512234
        },
        "fpr": {
          "Female": 0.07097518753606463,
          "Male": 0.2816297355253753
        }
      },
      "gap_selection_rate": 0.3117151171511715,
      "gap_tpr": 0.1455440057767553,
      "gap_fpr": 0.21065454798931066,
      "demographic_parity_diff": 0.3117151171511715,
      "equalized_odds_diff": 0.21065454798931066
    },
    "race": {
      "overall": {
        "selection_rate": 0.3563732802917288,
        "tpr": 0.8249001331557922,
        "fpr": 0.20105936879276098
      },
      "by_group": {
        "selection_rate": {
          "Amer-Indian-Eskimo": 0.125,
          "Asian-Pac-Islander": 0.3387096774193548,
          "Black": 0.1771019677996422,
          "Other": 0.10526315789473684,
          "White": 0.3810258387967605
        },
        "tpr": {
          "Amer-Indian-Eskimo": 0.5,
          "Asian-Pac-Islander": 0.8636363636363636,
          "Black": 0.7625,
          "Other": 0.6666666666666666,
          "White": 0.829072315558802
        },
        "fpr": {
          "Amer-Indian-Eskimo": 0.08620689655172414,
          "Asian-Pac-Islander": 0.176056338028169,
          "Black": 0.07933194154488518,
          "Other": 0.05714285714285714,
          "White": 0.22033010217448257
        }
      },
      "gap_selection_rate": 0.27576268090202366,
      "gap_tpr": 0.36363636363636365,
      "gap_fpr": 0.16318724503162543,
      "demographic_parity_diff": 0.27576268090202366,
      "equalized_odds_diff": 0.36363636363636365
    }
  }
}