{
  "dataset": "default_credit",
  "train_rows": 24000,
  "test_rows": 6000,
  "pos_rate_train": 0.22120833333333334,
  "pos_rate_test": 0.22116666666666668
}