{
  "dataset": "default_credit",
  "quality": {
    "accuracy": 0.6803333333333333,
    "f1": 0.4621424565339316,
    "roc_auc": 0.7080323705372831,
    "pr_auc": 0.49035019727243934,
    "brier_score": 0.2088829945728332,
    "confusion_matrix": [
      [
        3258,
        1415
      ],
      [
        503,
        824
      ]
    ],
    "pred_pos_rate": 0.37316666666666665
  },
  "fairness": {
    "SEX": {
      "overall": {
        "selection_rate": 0.37316666666666665,
        "tpr": 0.6209495101733233,
        "fpr": 0.3028033383265568
      },
      "by_group": {
        "selection_rate": {
          "1": 0.4521232306411324,
          "2": 0.32045580878265706
        },
        "tpr": {
          "1": 0.6737967914438503,
          "2": 0.5822454308093995
        },
        "fpr": {
          "1": 0.3845736013036393,
          "2": 0.24964689265536724
        }
      },
      "gap_selection_rate": 0.13166742185847535,
      "gap_tpr": 0.0915513606344508,
      "gap_fpr": 0.13492670864827208,
      "demographic_parity_diff": 0.13166742185847535,
      "equalized_odds_diff": 0.13492670864827208
    },
    "AGE_bucket": {
      "overall": {
        "selection_rate": 0.37316666666666665,
        "tpr": 0.6209495101733233,
        "fpr": 0.3028033383265568
      },
      "by_group": {
        "selection_rate": {
          "26-40": 0.3202614379084967,
          "41-60": 0.45108695652173914,
          "60+": 0.5517241379310345,
          "<=25": 0.43415906127770537
        },
        "tpr": {
          "26-40": 0.5828729281767956,
          "41-60": 0.6615776081424937,
          "60+": 0.5714285714285714,
          "<=25": 0.6836734693877551
        },
        "fpr": {
          "26-40": 0.2522361359570662,
          "41-60": 0.38558986539984164,
          "60+": 0.5454545454545454,
          "<=25": 0.34851138353765326
        }
      },
      "gap_selection_rate": 0.23146270002253777,
      "gap_tpr": 0.11224489795918369,
      "gap_fpr": 0.29321840949747924,
      "demographic_parity_diff": 0.23146270002253777,
      "equalized_odds_diff": 0.29321840949747924
    }
  }
}