dataset,run_tag,test_idx,p_before,p_after,slack,flipped,fairness_attr,group_val,SEX,LIMIT_BAL_before,LIMIT_BAL_after,delta_LIMIT_BAL,w_LIMIT_BAL,PAY_0_before,PAY_0_after,delta_PAY_0,w_PAY_0,PAY_2_before,PAY_2_after,delta_PAY_2,w_PAY_2,BILL_AMT1_before,BILL_AMT1_after,delta_BILL_AMT1,w_BILL_AMT1,PAY_AMT1_before,PAY_AMT1_after,delta_PAY_AMT1,w_PAY_AMT1,PAY_AMT2_before,PAY_AMT2_after,delta_PAY_AMT2,w_PAY_AMT2,EDUCATION_before,EDUCATION_after,delta_EDUCATION,w_EDUCATION,MARRIAGE_before,MARRIAGE_after,delta_MARRIAGE,w_MARRIAGE,burden_total
default_credit,base,5585,0.7892827152556142,0.49999752296133737,0.0,1,,,2,50000.0,50000.0,0.0,1.0,2.0,2.0,0.0,1.5,2.0,2.0,0.0,1.5,41632.0,41632.0,0.0,1.0,3509.0,119483.0,115974.0,1.0,0.0,0.0,0.0,1.0,1.0,1.0,0.0,0.5,2.0,2.0,0.0,0.3,0.13276141546238804
default_credit,base,3410,0.7275082547502965,0.49999944265670837,0.0,1,,,2,30000.0,30000.0,0.0,1.0,1.0,1.0,0.0,1.5,2.0,2.0,0.0,1.5,22419.0,22419.0,0.0,1.0,3207.0,89446.0,86239.0,1.0,0.0,0.0,0.0,1.0,2.0,2.0,0.0,0.5,1.0,1.0,0.0,0.3,0.09872222832756379
default_credit,base,4464,0.5356336183084405,0.499998159604387,0.0,1,,,2,260000.0,260000.0,0.0,1.0,2.0,2.0,0.0,1.5,2.0,2.0,0.0,1.5,258150.0,258150.0,0.0,1.0,20485.0,33024.0,12539.0,1.0,27.0,27.0,0.0,1.0,2.0,2.0,0.0,0.5,2.0,2.0,0.0,0.3,0.01435403959924538
default_credit,base,2083,0.5224532865408421,0.4999986395480222,0.0,1,,,2,120000.0,120000.0,0.0,1.0,0.0,0.0,0.0,1.5,0.0,0.0,0.0,1.5,23331.0,23331.0,0.0,1.0,5000.0,12893.0,7893.0,1.0,5000.0,5000.0,0.0,1.0,1.0,1.0,0.0,0.5,1.0,1.0,0.0,0.3,0.009035523929886257
default_credit,base,2624,0.5837741373168857,0.49999891983208106,0.0,1,,,1,270000.0,270000.0,0.0,1.0,2.0,2.0,0.0,1.5,0.0,0.0,0.0,1.5,275572.0,275572.0,0.0,1.0,10332.0,40040.0,29708.0,1.0,10000.0,10000.0,0.0,1.0,2.0,2.0,0.0,0.5,1.0,1.0,0.0,0.3,0.03400827884315988
