{
  "dataset": "german",
  "quality": {
    "accuracy": 0.675,
    "f1": 0.7410358565737052,
    "roc_auc": 0.7602380952380953,
    "pr_auc": 0.8818348919875971,
    "brier_score": 0.21296970289859476,
    "confusion_matrix": [
      [
        42,
        18
      ],
      [
        47,
        93
      ]
    ],
    "pred_pos_rate": 0.555
  },
  "fairness": {
    "sex": {
      "overall": {
        "selection_rate": 0.555,
        "tpr": 0.6642857142857143,
        "fpr": 0.3
      },
      "by_group": {
        "selection_rate": {
          "female": 0.5166666666666667,
          "male": 0.5714285714285714
        },
        "tpr": {
          "female": 0.6,
          "male": 0.69
        },
        "fpr": {
          "female": 0.35,
          "male": 0.275
        }
      },
      "gap_selection_rate": 0.05476190476190468,
      "gap_tpr": 0.08999999999999997,
      "gap_fpr": 0.07499999999999996,
      "demographic_parity_diff": 0.05476190476190468,
      "equalized_odds_diff": 0.08999999999999997
    },
    "age_bucket": {
      "overall": {
        "selection_rate": 0.555,
        "tpr": 0.6642857142857143,
        "fpr": 0.3
      },
      "by_group": {
        "selection_rate": {
          "26-40": 0.5784313725490197,
          "41-60": 0.5789473684210527,
          "60+": 0.6666666666666666,
          "<=25": 0.42857142857142855
        },
        "tpr": {
          "26-40": 0.6666666666666666,
          "41-60": 0.75,
          "60+": 0.75,
          "<=25": 0.47368421052631576
        },
        "fpr": {
          "26-40": 0.23809523809523808,
          "41-60": 0.2857142857142857,
          "60+": 0.5,
          "<=25": 0.375
        }
      },
      "gap_selection_rate": 0.23809523809523808,
      "gap_tpr": 0.27631578947368424,
      "gap_fpr": 0.2619047619047619,
      "demographic_parity_diff": 0.23809523809523808,
      "equalized_odds_diff": 0.27631578947368424
    }
  }
}